brionna_lockman@klocko.org,Sophia da Mota,(776) 823-2167
trycia1905@rempel.name,Talita Godins,286/369-3321
jules.kautzer@jacobson.info,Francisco Dantas Neto,(705) 853-7968
alfredo1904@bartell.biz,Bryan Hernandes,842.949.1246
miguel2080@schmidt.org,Roberto Bomdia,(840) 206-0059
jadyn.white@feil.net,Sara Pereira,(619) 201-5397
wilhelm1934@brown.name,Matheus Tavares,348-485-1083
estell1920@mayert.org,Célia Resende Jr.,709.528.4260
cale.cruickshank@kulas.info,Sra. Lorenzo Viveiros Neto,912-919-2141
katrina1978@wyman.net,Francisco Pimenta,534.226.6025
gavin1924@muller.com,Maria Vitória Menendes,548.487.5820
johann.ritchie@zieme.com,Sr. Daniel Veloso,7443750194
gertrude2064@kub.net,Murilo Raia,923/358-0941
arlene1922@reichert.com,Patricia da Aldeia,7407613291
theodora2006@mccullough.net,Larissa Teles,6153824546
lonnie.trantow@kovacek.name,Dr. Vitor Hugo Antunes,(587) 226-4691
dusty.kemmer@kuhlman.net,Joana Jaques,(688) 687-9569
chelsea1928@bruen.name,Aline Conceição,624/992-9384
nick.roob@hills.info,Ryan Farias,848/622-3770
delbert2080@toy.info,Mariah Raia,710.837.1886
nick1937@schimmel.name,Pablo Meireles,586-858-2527
dovie_wolff@gottlieb.info,Henrique Peixoto,6077315308
shad2041@breitenberg.org,Bruno Batista,(978) 399-5136
kristopher.towne@lynch.com,Kaique Cardoso,(580) 642-8781
kyleigh_moore@macejkovic.com,Feliciano Farias,310/264-6776
jeremie.reichert@huel.com,Maya Madeira,(915) 243-1335
lennie_deckow@oconner.biz,Maya da Veiga,(943) 705-4192
freda1961@stokes.biz,Marina da Fronteira,312/451-7226
sincere_kautzer@harris.net,Dra. Cecília Ximenes,637-809-6049
zander.bergstrom@donnelly.net,Marcia Banheira,839.314.7994
dedrick1946@hagenes.name,Ayla Antena,4869558188
keeley2039@pfannerstill.biz,Mariana Assumpção,941/967-4774
martin_stehr@treutel.name,Alícia Hernandes,348-876-3682
dora_pacocha@bogisich.info,Vitória de Assunção Jr.,(422) 554-1509
nona_gottlieb@barton.org,Maya Fernandes,(834) 665-5004
marley_hintz@powlowski.net,Lavínia Figueira,800/546-7909
tia.huel@powlowski.org,Dalila de Borba,611.397.2320
euna.schuppe@cronin.net,Carla Peixoto,(577) 667-7666
isabell.conroy@heidenreich.com,Heitor Xavier Filho,6588275823
jeremy1914@haley.info,Dra. Heloísa Albuquerque Jr.,936/644-0204
keira_schulist@bayer.biz,Dalila Custódio,282/244-4346
hilbert_kunze@conroy.info,Oliver Esteves,608-548-7676
trace_jacobi@oconner.biz,Ana Clara Rêgo Filho,830.226.1335
brandyn2069@mante.com,Sr. Kléber Camacho Jr.,(260) 534-5635
margie1981@bayer.name,Noah Gabeira,5787554856
claudia_smith@oreilly.name,João Miguel Farias,610/989-1445
angel.king@pollich.name,Maria Flor da Maia,903-958-9071
eleazar.harber@kerluke.org,Bruno da Mota,753/253-0110
ricardo@ricardo.com.br,Ricardo,95151515151
beatriz@beatriz.com,beatriz,951515151
pedro,pedro,1
arlete@arlete.com.br,arlete,19191919191
a,a,a
b,b,b
